/bulk/data/twitchbw/scan/scan_minesagi.mp4 "[0.0, 0.0, 1.0, 1.0]" "(3.035, 5.995)"
/bulk/data/twitchbw/scan/scan_queens.mp4 "[0.0, 0.0, 1.0, 1.0]" "(8.104, 13.016)"
/bulk/data/twitchbw/scan/scan_remastered_mutas.mp4 "[0.0, 0.0, 1.0, 1.0]" "(7.554, 9.585)" "(10.326, 12.204)" "(14.917, 27.133)"
/bulk/data/twitchbw/scan/scan_remastered_mutas2.mp4 "[0.0, 0.0, 1.0, 1.0]" "(5.452, 27.533)"
/bulk/data/twitchbw/scan/scan_spiderminedestruction.mp4 "[0.0, 0.0, 1.0, 1.0]" "(5.933, 7.901)"
/bulk/data/twitchbw/scan/scan_tesagi.mp4 "[0.0, 0.0, 1.0, 1.0]" "(8.650, 11.219)"
/bulk/data/twitchbw/scan/scan_testingnvenc.mp4 "[0.0, 0.0, 1.0, 1.0]" "(0.0, 20.486)" "(22.703, 24.801)" "(25.719, 27.951)"
/bulk/data/twitchbw/scan/scan_tvtbigbattle.mp4 "[0.0, 0.0, 1.0, 1.0]" "(0.0, 30.801)"
/bulk/data/twitchbw/scan/scan_valkyriepower.mp4 "[0.0, 0.0, 1.0, 1.0]" "(7.000, 17.486)"
/bulk/data/twitchbw/terror/terror_bignuke.mp4 "[0.0, 0.0, 1.0, 1.0]" "(4.451, 6.755)"
/bulk/data/twitchbw/terror/terror_downtheygo.mp4 "[0.0, 0.0, 1.0, 1.0]" "(2.287, 11.452)"
/bulk/data/twitchbw/terror/terror_firebat.mp4 "[0.0, 0.0, 1.0, 1.0]" "(9.417, 26.533)" "(31.001, 37.451)" "(40.584, 48.0)"
/bulk/data/twitchbw/terror/terror_nuketvp.mp4 "[0.0, 0.0, 1.0, 1.0]" "(2.250, 5.0)"
/bulk/data/twitchbw/nyoken/kreygasm_mines.mp4 "[0.0, 0.0, 1.0, 1.0]" "(3.638, 7.317)"
/bulk/data/twitchbw/nyoken/nyoken_lksdhao.mp4 "[0.0, 0.0, 1.0, 1.0]" "(0.0, 12.402)"
/bulk/data/twitchbw/nyoken/tesagi.mp4 "[0.0, 0.0, 1.0, 1.0]" "(5.568, 10.967)"
/bulk/data/twitchbw/nyoken/thegreatestmineofalltime.mp4 "[0.0, 0.0, 1.0, 1.0]" "(0.0, 6.700)"
/bulk/data/twitchbw/nyoken/howtokillmutas.mp4 "[0.0, 0.0, 1.0, 1.0]" "(1.768, 3.850)" "(4.968, 14.269)"
/bulk/data/twitchbw/nyoken/bmnyoken.mp4 "[0.0, 0.0, 1.0, 1.0]" "(52.851, 60.0)"
/bulk/data/twitchbw/terror/terror_nuke2.mp4 "[0.0, 0.0, 1.0, 1.0]" "(19.607, 20.160)" "(20.256, 23.906)"
/bulk/data/twitchbw/artosis/tempiter0_pog_artosisworksonfundamentals_h0.mp4 "[0.0, 0.0, 1.0, 1.0]"
/bulk/data/twitchbw/artosis/tempiter0_pog_artosisworksonfundamentals_h1.mp4 "[0.0, 0.0, 1.0, 1.0]"
/bulk/data/twitchbw/artosis/tempiter0_pog_artosisworksonfundamentals_h2.mp4 "[0.0, 0.0, 1.0, 1.0]" "(478.219, 486.518)"
/bulk/data/twitchbw/artosis/tempiter0_pog_artosisworksonfundamentals_h3.mp4 "[0.0, 0.0, 1.0, 1.0]" "(0.550, 2.723)" "(5.084, 12.302)"
/bulk/data/twitchbw/artosis/tempiter0_pog_artosisworksonfundamentals_h4.mp4 "[0.0, 0.0, 1.0, 1.0]"
/bulk/data/twitchbw/artosis/tempiter0_pog_artosisworksonfundamentals_h5.mp4 "[0.0, 0.0, 1.0, 1.0]"
/bulk/data/twitchbw/artosis/tempiter0_pog_artosisworksonfundamentals_h6.mp4 "[0.0, 0.0, 1.0, 1.0]"
/bulk/data/twitchbw/artosis/tempiter0_pog_artosisworksonfundamentals_h7.mp4 "[0.0, 0.0, 1.0, 1.0]"
/bulk/data/twitchbw/terror/selected/6-23-notsorareearly_h0.mp4 "[0.0, 0.0, 1.0, 1.0]"
/bulk/data/twitchbw/terror/selected/6-23-notsorareearly_h1.mp4 "[0.0, 0.0, 1.0, 1.0]"
/bulk/data/twitchbw/terror/selected/6-23-notsorareearly_h2.mp4 "[0.0, 0.0, 1.0, 1.0]"
/bulk/data/twitchbw/terror/selected/6-23-notsorareearly_h3.mp4 "[0.0, 0.0, 1.0, 1.0]"
/bulk/data/twitchbw/terror/selected/6-23-notsorareearly_h4.mp4 "[0.0, 0.0, 1.0, 1.0]"
/bulk/data/twitchbw/terror/selected/6-23-notsorareearly_h5.mp4 "[0.0, 0.0, 1.0, 1.0]"
/bulk/data/twitchbw/terror/selected/6-23-notsorareearly_h6.mp4 "[0.0, 0.0, 1.0, 1.0]"
/bulk/data/twitchbw/terror/selected/6-23-notsorareearly_h7.mp4 "[0.0, 0.0, 1.0, 1.0]"
/bulk/data/twitchbw/terror/selected/6-23-notsorareearly_h8.mp4 "[0.0, 0.0, 1.0, 1.0]"
/bulk/data/twitchbw/terror/selected/6-23-notsorareearly_h9.mp4 "[0.0, 0.0, 1.0, 1.0]"
/bulk/data/twitchbw/terror/selected/6-23-notsorareearly_h10.mp4 "[0.0, 0.0, 1.0, 1.0]"
/bulk/data/twitchbw/terror/selected/6-23-notsorareearly_h11.mp4 "[0.0, 0.0, 1.0, 1.0]"
/bulk/data/twitchbw/terror/selected/6-23-notsorareearly_h12.mp4 "[0.0, 0.0, 1.0, 1.0]" "(4.316, 9.684)"
/bulk/data/twitchbw/terror/selected/6-23-notsorareearly_h13.mp4 "[0.0, 0.0, 1.0, 1.0]"
/bulk/data/twitchbw/terror/selected/6-23-notsorareearly_h14.mp4 "[0.0, 0.0, 1.0, 1.0]" "(0.0, 11.334)"
/bulk/data/twitchbw/terror/selected/6-23-notsorareearly_h15.mp4 "[0.0, 0.0, 1.0, 1.0]"
/bulk/data/twitchbw/terror/selected/6-23-tryingthelightest_h0.mp4 "[0.0, 0.0, 1.0, 1.0]" "(0.0, 2.958)"
/bulk/data/twitchbw/terror/selected/6-25-showmatchvscastro_h0.mp4 "[0.0, 0.0, 1.0, 1.0]"
/bulk/data/twitchbw/terror/selected/6-25-showmatchvscastro_h1.mp4 "[0.0, 0.0, 1.0, 1.0]" "(0.0, 11.333)"
/bulk/data/twitchbw/terror/selected/6-25-showmatchvscastro_h2.mp4 "[0.0, 0.0, 1.0, 1.0]"
/bulk/data/twitchbw/terror/selected/6-25-showmatchvscastro_h3.mp4 "[0.0, 0.0, 1.0, 1.0]" "(5.383, 12.0)"
/bulk/data/twitchbw/terror/selected/6-25-showmatchvscastro_h4.mp4 "[0.0, 0.0, 1.0, 1.0]" "(5.067, 10.0)"
/bulk/data/twitchbw/terror/selected/6-26-darkcountdown_h0.mp4 "[0.0, 0.0, 1.0, 1.0]"
/bulk/data/twitchbw/terror/selected/6-29-dontspoildark_h0.mp4 "[0.0, 0.0, 1.0, 1.0]"
/bulk/data/twitchbw/terror/selected/6-29-dontspoildark_h1.mp4 "[0.0, 0.0, 1.0, 1.0]" "(1.650, 6.352)" "(6.837, 7.701)" "(9.802, 13.0)"
/bulk/data/twitchbw/terror/selected/6-29-dontspoildark_h2.mp4 "[0.0, 0.0, 1.0, 1.0]" "(2.185, 5.103)"
/bulk/data/twitchbw/terror/selected/6-29-dontspoildark_h3.mp4 "[0.0, 0.0, 1.0, 1.0]" "(0.0, 8.203)"
/bulk/data/twitchbw/terror/selected/6-29-dontspoildark_h4.mp4 "[0.0, 0.0, 1.0, 1.0]"
/bulk/data/twitchbw/terror/selected/6-29-dontspoildark_h5.mp4 "[0.0, 0.0, 1.0, 1.0]"
/bulk/data/twitchbw/terror/selected/6-29-dontspoildark_h6.mp4 "[0.0, 0.0, 1.0, 1.0]"
/bulk/data/twitchbw/terror/selected/6-29-dontspoildark_h7.mp4 "[0.0, 0.0, 1.0, 1.0]"
/bulk/data/twitchbw/terror/selected/6-29-dontspoildark_h8.mp4 "[0.0, 0.0, 1.0, 1.0]"
/bulk/data/twitchbw/terror/selected/6-29-dontspoildark_h9.mp4 "[0.0, 0.0, 1.0, 1.0]" "(0.0, 8.003)"
/bulk/data/twitchbw/terror/selected/6-29-dontspoildark_h10.mp4 "[0.0, 0.0, 1.0, 1.0]"
/bulk/data/twitchbw/terror/selected/6-29-dontspoildark_h11.mp4 "[0.0, 0.0, 1.0, 1.0]" "(0.0, 10.535)"
/bulk/data/twitchbw/terror/selected/6-29-dontspoildark_h12.mp4 "[0.0, 0.0, 1.0, 1.0]"
/bulk/data/twitchbw/terror/selected/6-29-dontspoildark_h13.mp4 "[0.0, 0.0, 1.0, 1.0]"
/bulk/data/twitchbw/terror/selected/6-29-dontspoildark_h14.mp4 "[0.0, 0.0, 1.0, 1.0]"
/bulk/data/twitchbw/terror/selected/6-29-dontspoildark_h15.mp4 "[0.0, 0.0, 1.0, 1.0]"
/bulk/data/twitchbw/terror/selected/6-29-dontspoildark_h16.mp4 "[0.0, 0.0, 1.0, 1.0]"
/bulk/data/twitchbw/terror/selected/6-29-dontspoildark_h17.mp4 "[0.0, 0.0, 1.0, 1.0]"
/bulk/data/twitchbw/terror/selected/6-29-dontspoildark_h18.mp4 "[0.0, 0.0, 1.0, 1.0]"
/bulk/data/twitchbw/terror/selected/6-29-dontspoildark_h19.mp4 "[0.0, 0.0, 1.0, 1.0]"
/bulk/data/twitchbw/terror/selected/6-29-dontspoildark_h20.mp4 "[0.0, 0.0, 1.0, 1.0]" "(0.0, 13.0)"
/bulk/data/twitchbw/terror/selected/6-29-dontspoildark_h21.mp4 "[0.0, 0.0, 1.0, 1.0]" "(5.750, 8.352)" "(10.050, 15.221)"
/bulk/data/twitchbw/terror/selected/6-29-dontspoildark_h22.mp4 "[0.0, 0.0, 1.0, 1.0]"
/bulk/data/twitchbw/terror/selected/6-29-dontspoildark_h23.mp4 "[0.0, 0.0, 1.0, 1.0]" "(0.0, 5.809)"
/bulk/data/twitchbw/terror/selected/6-29-dontspoildark_h24.mp4 "[0.0, 0.0, 1.0, 1.0]"
/bulk/data/twitchbw/terror/selected/6-29-dontspoildark_h25.mp4 "[0.0, 0.0, 1.0, 1.0]"
/bulk/data/twitchbw/terror/selected/6-29-dontspoildark_h26.mp4 "[0.0, 0.0, 1.0, 1.0]"
/bulk/data/twitchbw/terror/selected/6-29-dontspoildark_h27.mp4 "[0.0, 0.0, 1.0, 1.0]" "(0.0, 10.618)" "(13.850, 16.0)"
/bulk/data/twitchbw/terror/selected/6-29-dontspoildark_h28.mp4 "[0.0, 0.0, 1.0, 1.0]"
/bulk/data/twitchbw/terror/selected/6-29-dontspoildark_h29.mp4 "[0.0, 0.0, 1.0, 1.0]" "(0.0, 6.427)"
/bulk/data/twitchbw/gypsy/selected/gypsywaitingroom_h0.mp4 "[0.0, 0.0, 1.0, 1.0]"
/bulk/data/twitchbw/gypsy/selected/gypsywaitingroom_h1.mp4 "[0.0, 0.0, 1.0, 1.0]"
/bulk/data/twitchbw/gypsy/selected/gypsywaitingroom_h2.mp4 "[0.0, 0.0, 1.0, 1.0]"
/bulk/data/twitchbw/gypsy/selected/gypsywaitingroom_h3.mp4 "[0.0, 0.0, 1.0, 1.0]"
/bulk/data/twitchbw/gypsy/selected/gypsywaitingroom_h4.mp4 "[0.0, 0.0, 1.0, 1.0]"
/bulk/data/twitchbw/gypsy/selected/gypsywaitingroom_h5.mp4 "[0.0, 0.0, 1.0, 1.0]"
/bulk/data/twitchbw/gypsy/selected/gypsywaitingroom_h6.mp4 "[0.0, 0.0, 1.0, 1.0]"
/bulk/data/twitchbw/gypsy/selected/gypsywaitingroom_h7.mp4 "[0.0, 0.0, 1.0, 1.0]"
/bulk/data/twitchbw/gypsy/selected/gypsywaitingroom_h8.mp4 "[0.0, 0.0, 1.0, 1.0]"
/bulk/data/twitchbw/gypsy/selected/gypsywaitingroom_h9.mp4 "[0.0, 0.0, 1.0, 1.0]"
/bulk/data/twitchbw/gypsy/selected/gypsywaitingroom_h10.mp4 "[0.0, 0.0, 1.0, 1.0]"
/bulk/data/twitchbw/gypsy/selected/iter1_esportsclownworld_h0.mp4 "[0.0, 0.0, 1.0, 1.0]"
/bulk/data/twitchbw/gypsy/selected/iter1_esportsclownworld_h1.mp4 "[0.0, 0.0, 1.0, 1.0]" "(0.184, 4.986)"
/bulk/data/twitchbw/gypsy/selected/iter2_boomergamesmh_h0.mp4 "[0.0, 0.0, 1.0, 1.0]"
/bulk/data/twitchbw/gypsy/selected/iter2_boomergamesmh_h1.mp4 "[0.0, 0.0, 1.0, 1.0]"
/bulk/data/twitchbw/gypsy/selected/iter2_boomergamesmh_h2.mp4 "[0.0, 0.0, 1.0, 1.0]"
/bulk/data/twitchbw/gypsy/selected/iter2_boomergamesmh_h3.mp4 "[0.0, 0.0, 1.0, 1.0]" "(10.011, 15.638)" "(16.467, 22.653)"
/bulk/data/twitchbw/gypsy/selected/iter2_boomergamesmh_h4.mp4 "[0.0, 0.0, 1.0, 1.0]" "(3.550, 4.386)" "(7.468, 9.0)"
/bulk/data/twitchbw/gypsy/selected/iter2_boomergamesmh_h5.mp4 "[0.0, 0.0, 1.0, 1.0]" "(0.0, 4.470)" "(7.553, 12.0)"
/bulk/data/twitchbw/gypsy/selected/iter2_boomergamesmh_h6.mp4 "[0.0, 0.0, 1.0, 1.0]"
/bulk/data/twitchbw/gypsy/selected/iter2_boomergamesmh_h7.mp4 "[0.0, 0.0, 1.0, 1.0]"
/bulk/data/twitchbw/gypsy/selected/iter2_boomergamesmh_h8.mp4 "[0.0, 0.0, 1.0, 1.0]"
/bulk/data/twitchbw/gypsy/selected/iter2_boomergamesmh_h9.mp4 "[0.0, 0.0, 1.0, 1.0]"
/bulk/data/twitchbw/gypsy/selected/iter2_boomergamesmh_h10.mp4 "[0.0, 0.0, 1.0, 1.0]" "(3.201, 6.400)"
/bulk/data/twitchbw/gypsy/selected/iter2_boomergamesmh_h11.mp4 "[0.0, 0.0, 1.0, 1.0]" "(0.0, 2.984)" "(5.050, 8.0)"
/bulk/data/twitchbw/gypsy/selected/iter2_boomergamesmh_h12.mp4 "[0.0, 0.0, 1.0, 1.0]" "(0.134, 8.784)"
/bulk/data/twitchbw/gypsy/selected/iter2_boomergamesmh_h13.mp4 "[0.0, 0.0, 1.0, 1.0]" "(0.0, 5.418)"
/bulk/data/twitchbw/gypsy/selected/iter2_boomergamesmh_h14.mp4 "[0.0, 0.0, 1.0, 1.0]"
/bulk/data/twitchbw/gypsy/selected/iter2_esportsclownworld2_h0.mp4 "[0.0, 0.0, 1.0, 1.0]" "(0.834, 11.0)"
/bulk/data/twitchbw/gypsy/selected/iter2_naterrantentative_h0.mp4 "[0.0, 0.0, 1.0, 1.0]"
/bulk/data/twitchbw/gypsy/selected/iter2_naterrantentative_h1.mp4 "[0.0, 0.0, 1.0, 1.0]" "(0.0, 3.753)"
/bulk/data/twitchbw/gypsy/selected/iter2_naterrantentative_h2.mp4 "[0.0, 0.0, 1.0, 1.0]"
/bulk/data/twitchbw/gypsy/selected/iter2_naterrantentative_h3.mp4 "[0.0, 0.0, 1.0, 1.0]"
/bulk/data/twitchbw/gypsy/selected/iter2_naterrantentative_h4.mp4 "[0.0, 0.0, 1.0, 1.0]"
/bulk/data/twitchbw/gypsy/selected/iter2_naterrantentative_h5.mp4 "[0.0, 0.0, 1.0, 1.0]" "(0.0, 4.685)"
/bulk/data/twitchbw/gypsy/selected/iter2_naterrantentative_h6.mp4 "[0.0, 0.0, 1.0, 1.0]" "(0.0, 6.233)"
/bulk/data/twitchbw/gypsy/selected/iter2_naterrantentative_h7.mp4 "[0.0, 0.0, 1.0, 1.0]" "(1.401, 2.531)"
/bulk/data/twitchbw/gypsy/selected/iter2_naterrantentative_h8.mp4 "[0.0, 0.0, 1.0, 1.0]"
/bulk/data/twitchbw/gypsy/selected/iter2_nyokenwaitingroom_h0.mp4 "[0.0, 0.0, 1.0, 1.0]"
/bulk/data/twitchbw/gypsy/selected/iter2_nyokenwaitingroom_h1.mp4 "[0.0, 0.0, 1.0, 1.0]" "(2.418, 10.603)"
/bulk/data/twitchbw/gypsy/selected/iter2_nyokenwaitingroom_h2.mp4 "[0.0, 0.0, 1.0, 1.0]" "(0.0, 6.167)"
/bulk/data/twitchbw/gypsy/selected/iter2_nyokenwaitingroom_h3.mp4 "[0.0, 0.0, 1.0, 1.0]" "(0.454, 6.533)"
/bulk/data/twitchbw/gypsy/selected/iter2_nyokenwaitingroom_h4.mp4 "[0.0, 0.0, 1.0, 1.0]" "(0.0, 8.0)"
/bulk/data/twitchbw/gypsy/selected/iter2_tt1waitingroom_h0.mp4 "[0.0, 0.0, 1.0, 1.0]" "(0.432, 6.019)"
/bulk/data/twitchbw/gypsy/selected/iter2_tt1waitingroom_h1.mp4 "[0.0, 0.0, 1.0, 1.0]" "(0.0, 6.304)"
/bulk/data/twitchbw/gypsy/selected/iter2_tt1waitingroom_h2.mp4 "[0.0, 0.0, 1.0, 1.0]"
/bulk/data/twitchbw/gypsy/selected/iter2_tt1waitingroom_h3.mp4 "[0.0, 0.0, 1.0, 1.0]" "(0.0, 4.151)"
/bulk/data/twitchbw/gypsy/selected/iter2_tt1waitingroom_h4.mp4 "[0.0, 0.0, 1.0, 1.0]" "(1.436, 4.567)"
/bulk/data/twitchbw/gypsy/selected/iter2_tt1waitingroom_h5.mp4 "[0.0, 0.0, 1.0, 1.0]" "(0.0, 5.335)"
/bulk/data/twitchbw/gypsy/selected/iter2_tt1waitingroom_h6.mp4 "[0.0, 0.0, 1.0, 1.0]" "(0.0, 3.350)"
/bulk/data/twitchbw/gypsy/selected/naterranstream2_h0.mp4 "[0.0, 0.0, 1.0, 1.0]" "(0.0, 10.0)"
/bulk/data/twitchbw/gypsy/selected/naterranstream2_h1.mp4 "[0.0, 0.0, 1.0, 1.0]"
/bulk/data/twitchbw/gypsy/selected/naterranstream2_h2.mp4 "[0.0, 0.0, 1.0, 1.0]"
/bulk/data/twitchbw/gypsy/selected/iter3_naterran1_h0.mp4 "[0.0, 0.0, 1.0, 1.0]"
/bulk/data/twitchbw/gypsy/selected/iter3_naterran1_h1.mp4 "[0.0, 0.0, 1.0, 1.0]" "(0.0, 8.733)" "(10.436, 15.849)" "(22.566, 26.0)"
/bulk/data/twitchbw/gypsy/selected/iter3_naterran1_h2.mp4 "[0.0, 0.0, 1.0, 1.0]" "(2.084, 4.786)"
/bulk/data/twitchbw/gypsy/selected/iter3_naterran1_h3.mp4 "[0.0, 0.0, 1.0, 1.0]" "(0.316, 8.217)"
/bulk/data/twitchbw/gypsy/selected/iter3_naterran1_h4.mp4 "[0.0, 0.0, 1.0, 1.0]"
/bulk/data/twitchbw/gypsy/selected/iter3_naterran1_h5.mp4 "[0.0, 0.0, 1.0, 1.0]"
/bulk/data/twitchbw/gypsy/selected/iter3_naterran1_h6.mp4 "[0.0, 0.0, 1.0, 1.0]" "(0.0, 2.335)"
/bulk/data/twitchbw/gypsy/selected/iter3_naterran1_h7.mp4 "[0.0, 0.0, 1.0, 1.0]" "(3.884, 13.418)"
/bulk/data/twitchbw/gypsy/selected/iter3_naterran1_h8.mp4 "[0.0, 0.0, 1.0, 1.0]" "(0.502, 8.321)"
/bulk/data/twitchbw/gypsy/selected/iter3_naterran1_h9.mp4 "[0.0, 0.0, 1.0, 1.0]" "(0.0, 5.138)"
/bulk/data/twitchbw/gypsy/selected/iter3_naterran1_h10.mp4 "[0.0, 0.0, 1.0, 1.0]" "(1.351, 6.051)"
/bulk/data/twitchbw/gypsy/selected/iter3_naterran1_h11.mp4 "[0.0, 0.0, 1.0, 1.0]" "(0.0, 4.788)"
/bulk/data/twitchbw/gypsy/selected/iter3_naterran1_h12.mp4 "[0.0, 0.0, 1.0, 1.0]"
/bulk/data/twitchbw/gypsy/selected/iter3_naterran1_h13.mp4 "[0.0, 0.0, 1.0, 1.0]"
/bulk/data/twitchbw/gypsy/selected/iter3_naterran2_h0.mp4 "[0.0, 0.0, 1.0, 1.0]"
/bulk/data/twitchbw/gypsy/selected/iter3_naterran2_h1.mp4 "[0.0, 0.0, 1.0, 1.0]" "(0.785, 2.967)" "(4.501, 10.852)" "(13.544, 22.334)" "(27.466, 33.568)"
/bulk/data/twitchbw/gypsy/selected/iter3_naterran2_h2.mp4 "[0.0, 0.0, 1.0, 1.0]" "(1.111, 11.485)"
/bulk/data/twitchbw/gypsy/selected/iter3_naterran2_h3.mp4 "[0.0, 0.0, 1.0, 1.0]"
/bulk/data/twitchbw/gypsy/selected/iter3_naterran3_h0.mp4 "[0.0, 0.0, 1.0, 1.0]"
/bulk/data/twitchbw/gypsy/selected/iter3_naterran3_h1.mp4 "[0.0, 0.0, 1.0, 1.0]" "(1.417, 8.951)" "(11.584, 14.0)"
/bulk/data/twitchbw/gypsy/selected/iter3_naterran3_h2.mp4 "[0.0, 0.0, 1.0, 1.0]"
/bulk/data/twitchbw/gypsy/selected/iter3_naterran3_h3.mp4 "[0.0, 0.0, 1.0, 1.0]"
/bulk/data/twitchbw/gypsy/selected/iter3_naterran3_h4.mp4 "[0.0, 0.0, 1.0, 1.0]"
/bulk/data/twitchbw/gypsy/selected/iter3_naterran3_h5.mp4 "[0.0, 0.0, 1.0, 1.0]"
/bulk/data/twitchbw/gypsy/selected/iter3_naterran3_h6.mp4 "[0.0, 0.0, 1.0, 1.0]"
/bulk/data/twitchbw/gypsy/selected/iter3_naterran3_h7.mp4 "[0.0, 0.0, 1.0, 1.0]"
/bulk/data/twitchbw/gypsy/selected/iter3_naterran3_h8.mp4 "[0.0, 0.0, 1.0, 1.0]"
/bulk/data/twitchbw/gypsy/selected/iter3_naterran3_h9.mp4 "[0.0, 0.0, 1.0, 1.0]"
/bulk/data/twitchbw/gypsy/selected/iter3_naterran3_h11.mp4 "[0.0, 0.0, 1.0, 1.0]" "(5.606, 12.387)"
/bulk/data/twitchbw/gypsy/selected/iter3_naterran3_h12.mp4 "[0.0, 0.0, 1.0, 1.0]"
/bulk/data/twitchbw/gypsy/selected/iter3_naterran3_h13.mp4 "[0.0, 0.0, 1.0, 1.0]"
/bulk/data/twitchbw/gypsy/selected/iter3_naterran3_h14.mp4 "[0.0, 0.0, 1.0, 1.0]"
/bulk/data/twitchbw/gypsy/selected/iter3_naterran3_h15.mp4 "[0.0, 0.0, 1.0, 1.0]" "(1.817, 9.201)"
/bulk/data/twitchbw/gypsy/selected/iter3_naterran3_h16.mp4 "[0.0, 0.0, 1.0, 1.0]" "(5.082, 12.0)"
/bulk/data/twitchbw/gypsy/selected/iter3_naterran3_h17.mp4 "[0.0, 0.0, 1.0, 1.0]" "(7.020, 8.285)"
/bulk/data/twitchbw/gypsy/selected/iter3_naterran3_h18.mp4 "[0.0, 0.0, 1.0, 1.0]"
/bulk/data/twitchbw/gypsy/selected/iter3_naterran3_h19.mp4 "[0.0, 0.0, 1.0, 1.0]"
/bulk/data/twitchbw/gypsy/selected/iter3_naterran3_h20.mp4 "[0.0, 0.0, 1.0, 1.0]"
/bulk/data/twitchbw/gypsy/selected/iter3_naterran3_h21.mp4 "[0.0, 0.0, 1.0, 1.0]"
/bulk/data/twitchbw/gypsy/selected/iter3_naterran4_h0.mp4 "[0.0, 0.0, 1.0, 1.0]" "(3.335, 10.384)" "(10.800, 12.0)"
/bulk/data/twitchbw/gypsy/selected/iter3_naterran4_h1.mp4 "[0.0, 0.0, 1.0, 1.0]" "(0.0, 10.150)"
/bulk/data/twitchbw/gypsy/selected/iter3_naterran4_h2.mp4 "[0.0, 0.0, 1.0, 1.0]"
/bulk/data/twitchbw/gypsy/selected/iter3_naterran4_h3.mp4 "[0.0, 0.0, 1.0, 1.0]" "(7.334, 14.0)"
/bulk/data/twitchbw/gypsy/selected/iter3_naterran4_h4.mp4 "[0.0, 0.0, 1.0, 1.0]"
/bulk/data/twitchbw/gypsy/selected/iter3_naterran4_h5.mp4 "[0.0, 0.0, 1.0, 1.0]"
/bulk/data/twitchbw/gypsy/selected/iter3_naterran4_h6.mp4 "[0.0, 0.0, 1.0, 1.0]" "(0.0, 3.433)" "(3.887, 11.849)"
/bulk/data/twitchbw/gypsy/selected/iter3_naterran4_h7.mp4 "[0.0, 0.0, 1.0, 1.0]"
/bulk/data/twitchbw/gypsy/selected/iter3_naterran4_h8.mp4 "[0.0, 0.0, 1.0, 1.0]"
/bulk/data/twitchbw/gypsy/selected/iter3_naterran4_h9.mp4 "[0.0, 0.0, 1.0, 1.0]" "(5.470, 11.0)"
/bulk/data/twitchbw/gypsy/selected/iter3_naterran4_h10.mp4 "[0.0, 0.0, 1.0, 1.0]" "(1.366, 11.0)"
/bulk/data/twitchbw/gypsy/selected/iter3_naterran4_h11.mp4 "[0.0, 0.0, 1.0, 1.0]" "(257.552, 260.717)" "(261.102, 263.793)" "(408.268, 430.901)" "(433.252, 447.186)" "(451.701, 456.487)" "(458.738, 460.768)" "(485.503, 488.506)" "(492.468, 498.101)"
/bulk/data/twitchbw/gypsy/selected/iter3_naterran4_h12.mp4 "[0.0, 0.0, 1.0, 1.0]"
/bulk/data/twitchbw/gypsy/selected/iter3_naterran4_h13.mp4 "[0.0, 0.0, 1.0, 1.0]" "(0.0, 2.153)" "(3.251, 6.433)"
/bulk/data/twitchbw/gypsy/selected/iter3_naterran4_h14.mp4 "[0.0, 0.0, 1.0, 1.0]" "(0.0, 7.400)"
/bulk/data/twitchbw/gypsy/selected/iter3_naterran4_h15.mp4 "[0.0, 0.0, 1.0, 1.0]" "(4.076, 12.521)" "(33.318, 37.266)" "(39.585, 40.854)" "(43.451, 49.096)" "(57.037, 61.034)" "(87.050, 91.687)" "(98.968, 100.187)" "(110.017, 113.633)"
/bulk/data/twitchbw/gypsy/selected/iter3_naterran4_h16.mp4 "[0.0, 0.0, 1.0, 1.0]" "(3.336, 7.101)"
/bulk/data/twitchbw/gypsy/selected/iter3_naterran4_h17.mp4 "[0.0, 0.0, 1.0, 1.0]" "(0.434, 2.386)" "(2.951, 10.616)" "(14.350, 18.251)" "(19.150, 20.916)" "(23.652, 28.001)" "(34.601, 45.989)"
/bulk/data/twitchbw/gypsy/selected/iter3_naterran4_h18.mp4 "[0.0, 0.0, 1.0, 1.0]" "(10.286, 12.0)"
/bulk/data/twitchbw/gypsy/selected/iter3_naterran4_h19.mp4 "[0.0, 0.0, 1.0, 1.0]" "(2.851, 12.0)"
/bulk/data/twitchbw/gypsy/selected/iter3_naterran4_h20.mp4 "[0.0, 0.0, 1.0, 1.0]" "(0.0, 4.577)"
/bulk/data/twitchbw/gypsy/selected/iter3_naterran4_h21.mp4 "[0.0, 0.0, 1.0, 1.0]" "(1.435, 5.336)"
/bulk/data/twitchbw/gypsy/selected/iter3_naterran4_h22.mp4 "[0.0, 0.0, 1.0, 1.0]" "(0.0, 4.717)"
/bulk/data/twitchbw/gypsy/selected/iter3_naterran4_h23.mp4 "[0.0, 0.0, 1.0, 1.0]" "(3.837, 5.501)"
/bulk/data/twitchbw/gypsy/selected/iter3_naterran4_h24.mp4 "[0.0, 0.0, 1.0, 1.0]"
/bulk/data/twitchbw/gypsy/selected/iter3_naterran4_h25.mp4 "[0.0, 0.0, 1.0, 1.0]" "(5.967, 16.517)"
/bulk/data/twitchbw/gypsy/selected/iter3_naterran4_h26.mp4 "[0.0, 0.0, 1.0, 1.0]" "(6.334, 9.334)" "(9.850, 19.434)" "(27.471, 38.651)"
/bulk/data/twitchbw/gypsy/selected/iter3_naterran4_h27.mp4 "[0.0, 0.0, 1.0, 1.0]"
/bulk/data/twitchbw/gypsy/selected/iter3_naterran4_h28.mp4 "[0.0, 0.0, 1.0, 1.0]"
/bulk/data/twitchbw/gypsy/selected/iter3_naterran4_h29.mp4 "[0.0, 0.0, 1.0, 1.0]" "(5.587, 6.984)"
/bulk/data/twitchbw/gypsy/selected/iter3_naterran4_h30.mp4 "[0.0, 0.0, 1.0, 1.0]"
/bulk/data/twitchbw/gypsy/selected/iter3_naterran4_h31.mp4 "[0.0, 0.0, 1.0, 1.0]" "(0.0, 5.301)" "(6.634, 7.417)"
/bulk/data/twitchbw/gypsy/selected/iter3_naterran4_h32.mp4 "[0.0, 0.0, 1.0, 1.0]" "(5.150, 8.903)" "(10.266, 19.585)"
/bulk/data/twitchbw/gypsy/selected/iter3_naterran4_h33.mp4 "[0.0, 0.0, 1.0, 1.0]"
/bulk/data/twitchbw/gypsy/selected/iter3_naterran4_h34.mp4 "[0.0, 0.0, 1.0, 1.0]" "(7.817, 8.818)"
/bulk/data/twitchbw/gypsy/selected/iter3_naterran4_h35.mp4 "[0.0, 0.0, 1.0, 1.0]" "(1.018, 3.134)" "(5.366, 14.835)"
/bulk/data/twitchbw/gypsy/selected/iter3_naterran4_h36.mp4 "[0.0, 0.0, 1.0, 1.0]" "(3.851, 7.706)"
/bulk/data/twitchbw/gypsy/selected/iter3_naterran4_h37.mp4 "[0.0, 0.0, 1.0, 1.0]"
/bulk/data/twitchbw/gypsy/selected/iter3_naterran4_h38.mp4 "[0.0, 0.0, 1.0, 1.0]" "(4.120, 15.000)"
/bulk/data/twitchbw/gypsy/selected/iter3_naterran4_h39.mp4 "[0.0, 0.0, 1.0, 1.0]"
/bulk/data/twitchbw/gypsy/selected/iter3_naterran5_h0.mp4 "[0.0, 0.0, 1.0, 1.0]" "(0.0, 11.018)"
/bulk/data/twitchbw/gypsy/selected/iter3_naterran5_h1.mp4 "[0.0, 0.0, 1.0, 1.0]" "(0.0, 0.836)" "(3.334, 14.0)"
/bulk/data/twitchbw/gypsy/selected/iter3_naterran5_h2.mp4 "[0.0, 0.0, 1.0, 1.0]"
/bulk/data/twitchbw/gypsy/selected/iter3_naterran5_h3.mp4 "[0.0, 0.0, 1.0, 1.0]"
/bulk/data/twitchbw/gypsy/selected/iter3_naterran5_h4.mp4 "[0.0, 0.0, 1.0, 1.0]"
/bulk/data/twitchbw/gypsy/selected/iter3_naterran5_h5.mp4 "[0.0, 0.0, 1.0, 1.0]"
/bulk/data/twitchbw/gypsy/selected/iter3_naterran5_h6.mp4 "[0.0, 0.0, 1.0, 1.0]" "(0.512, 10.573)"
/bulk/data/twitchbw/gypsy/selected/iter3_naterran5_h7.mp4 "[0.0, 0.0, 1.0, 1.0]" "(14.354, 16.0)"
/bulk/data/twitchbw/gypsy/selected/iter3_naterran5_h8.mp4 "[0.0, 0.0, 1.0, 1.0]"
/bulk/data/twitchbw/gypsy/selected/iter3_naterran5_h9.mp4 "[0.0, 0.0, 1.0, 1.0]"
/bulk/data/twitchbw/gypsy/selected/iter3_naterran5_h10.mp4 "[0.0, 0.0, 1.0, 1.0]"
/bulk/data/twitchbw/gypsy/selected/iter3_naterran5_h11.mp4 "[0.0, 0.0, 1.0, 1.0]" "(0.0, 6.352)"
/bulk/data/twitchbw/gypsy/selected/iter3_naterran5_h12.mp4 "[0.0, 0.0, 1.0, 1.0]" "(3.537, 4.815)" "(5.586, 8.384)" "(8.757, 10.272)" "(10.467, 11.517)" "(12.087, 14.899)" "(15.301, 15.568)" "(15.883, 16.269)" "(16.883, 17.789)" "(18.787, 19.317)"
/bulk/data/twitchbw/gypsy/selected/iter3_naterran5_h13.mp4 "[0.0, 0.0, 1.0, 1.0]" "(1.887, 8.934)"
/bulk/data/twitchbw/gypsy/selected/iter3_naterran5_h14.mp4 "[0.0, 0.0, 1.0, 1.0]" "(1.732, 12.468)" "(15.201, 22.132)"
/bulk/data/twitchbw/gypsy/selected/iter3_naterran5_h15.mp4 "[0.0, 0.0, 1.0, 1.0]" "(0.0, 3.280)" "(5.100, 10.917)"
/bulk/data/twitchbw/gypsy/selected/iter3_naterran5_h16.mp4 "[0.0, 0.0, 1.0, 1.0]" "(7.344, 25.666)" "(28.164, 32.660)" "(33.562, 35.103)"
/bulk/data/twitchbw/gypsy/selected/iter3_naterran5_h17.mp4 "[0.0, 0.0, 1.0, 1.0]" "(4.919, 11.152)"
/bulk/data/twitchbw/gypsy/selected/iter3_naterran5_h18.mp4 "[0.0, 0.0, 1.0, 1.0]"
/bulk/data/twitchbw/gypsy/selected/iter3_naterran5_h19.mp4 "[0.0, 0.0, 1.0, 1.0]" "(1.964, 14.134)"
/bulk/data/twitchbw/gypsy/selected/iter3_naterran5_h20.mp4 "[0.0, 0.0, 1.0, 1.0]" "(5.632, 7.897)"
/bulk/data/twitchbw/gypsy/selected/iter3_naterran5_h21.mp4 "[0.0, 0.0, 1.0, 1.0]"
/bulk/data/twitchbw/gypsy/selected/iter3_naterran5_h22.mp4 "[0.0, 0.0, 1.0, 1.0]"
/bulk/data/twitchbw/gypsy/selected/iter3_naterran5_h23.mp4 "[0.0, 0.0, 1.0, 1.0]"
/bulk/data/twitchbw/gypsy/selected/iter3_naterran5_h24.mp4 "[0.0, 0.0, 1.0, 1.0]"
/bulk/data/twitchbw/gypsy/selected/iter3_naterran5_h25.mp4 "[0.0, 0.0, 1.0, 1.0]"
/bulk/data/twitchbw/gypsy/selected/iter3_naterran5_h26.mp4 "[0.0, 0.0, 1.0, 1.0]"
/bulk/data/twitchbw/gypsy/selected/iter3_naterran5_h27.mp4 "[0.0, 0.0, 1.0, 1.0]" "(0.211, 1.863)" "(8.813, 11.495)" "(13.852, 16.322)" "(17.969, 20.652)"
/bulk/data/twitchbw/nyoken/selected/nyoken-5-17-youngdan_h0.mp4 "[0.0, 0.0, 1.0, 1.0]" "(0.0, 8.507)" "(12.116, 18.695)"
/bulk/data/twitchbw/nyoken/selected/nyoken-5-17-youngdan_h1.mp4 "[0.0, 0.0, 1.0, 1.0]" "(0.249, 10.116)"
/bulk/data/twitchbw/nyoken/selected/nyoken-5-17-youngdan_h2.mp4 "[0.0, 0.0, 1.0, 1.0]" "(1.001, 4.420)"
/bulk/data/twitchbw/nyoken/selected/nyoken-5-17-youngdan_h3.mp4 "[0.0, 0.0, 1.0, 1.0]" "(2.233, 14.540)"
/bulk/data/twitchbw/nyoken/selected/nyoken-5-17-youngdan_h4.mp4 "[0.0, 0.0, 1.0, 1.0]" "(0.255, 2.100)"
/bulk/data/twitchbw/nyoken/selected/nyoken-5-17-youngdan_h5.mp4 "[0.0, 0.0, 1.0, 1.0]" "(1.014, 14.182)"
/bulk/data/twitchbw/nyoken/selected/nyoken-5-17-youngdan_h6.mp4 "[0.0, 0.0, 1.0, 1.0]" "(9.355, 12.931)"
/bulk/data/twitchbw/nyoken/selected/nyoken-5-17-youngdan_h7.mp4 "[0.0, 0.0, 1.0, 1.0]" "(0.0, 6.789)"
/bulk/data/twitchbw/nyoken/selected/nyoken-5-17-youngdan_h8.mp4 "[0.0, 0.0, 1.0, 1.0]" "(0.0, 8.0)"
/bulk/data/twitchbw/nyoken/selected/nyoken-5-17-youngdan_h9.mp4 "[0.0, 0.0, 1.0, 1.0]" "(0.0, 16.232)"
/bulk/data/twitchbw/nyoken/selected/nyoken-5-17-youngdan_h10.mp4 "[0.0, 0.0, 1.0, 1.0]" "(0.0, 5.965)"
/bulk/data/twitchbw/nyoken/selected/nyoken-5-17-youngdan_h11.mp4 "[0.0, 0.0, 1.0, 1.0]" "(0.0, 9.215)" "(10.011, 11.882)"
/bulk/data/twitchbw/nyoken/selected/nyoken-5-17-youngdan_h12.mp4 "[0.0, 0.0, 1.0, 1.0]"
/bulk/data/twitchbw/nyoken/selected/nyoken-5-17-youngdan_h13.mp4 "[0.0, 0.0, 1.0, 1.0]" "(1.682, 6.014)" "(7.601, 10.0)"
/bulk/data/twitchbw/nyoken/selected/nyoken-5-17-youngdan_h14.mp4 "[0.0, 0.0, 1.0, 1.0]" "(0.532, 11.0)"
/bulk/data/twitchbw/nyoken/selected/nyoken-5-17-youngdan_h15.mp4 "[0.0, 0.0, 1.0, 1.0]"
/bulk/data/twitchbw/nyoken/selected/nyoken-5-17-youngdan_h16.mp4 "[0.0, 0.0, 1.0, 1.0]" "(0.565, 13.213)"
/bulk/data/twitchbw/nyoken/selected/nyoken-5-17-youngdan_h17.mp4 "[0.0, 0.0, 1.0, 1.0]" "(1.013, 7.080)"
/bulk/data/twitchbw/nyoken/selected/nyoken-5-17-youngdan_h18.mp4 "[0.0, 0.0, 1.0, 1.0]"
/bulk/data/twitchbw/nyoken/selected/nyoken-5-17-youngdan_h19.mp4 "[0.0, 0.0, 1.0, 1.0]"
/bulk/data/twitchbw/nyoken/selected/nyoken-5-17-youngdan_h20.mp4 "[0.0, 0.0, 1.0, 1.0]" "(1.362, 8.968)"
/bulk/data/twitchbw/nyoken/selected/nyoken-5-17-youngdan_h21.mp4 "[0.0, 0.0, 1.0, 1.0]" "(2.350, 6.314)"
/bulk/data/twitchbw/nyoken/selected/nyoken-5-17-youngdan_h22.mp4 "[0.0, 0.0, 1.0, 1.0]" "(0.564, 6.217)" "(7.962, 8.066)"
/bulk/data/twitchbw/nyoken/selected/nyoken-5-17-youngdan_h23.mp4 "[0.0, 0.0, 1.0, 1.0]"
/bulk/data/twitchbw/nyoken/selected/nyoken-5-17-youngdan_h24.mp4 "[0.0, 0.0, 1.0, 1.0]" "(1.730, 7.465)"
/bulk/data/twitchbw/nyoken/selected/nyoken-5-17-youngdan_h25.mp4 "[0.0, 0.0, 1.0, 1.0]"
/bulk/data/twitchbw/nyoken/selected/nyoken-5-17-youngdan_h26.mp4 "[0.0, 0.0, 1.0, 1.0]" "(1.265, 10.981)"
/bulk/data/twitchbw/nyoken/selected/nyoken-5-17-youngdan_h27.mp4 "[0.0, 0.0, 1.0, 1.0]" "(1.397, 7.805)" "(8.902, 13.036)"
/bulk/data/twitchbw/nyoken/selected/nyoken-5-17-youngdan_h28.mp4 "[0.0, 0.0, 1.0, 1.0]"
/bulk/data/twitchbw/nyoken/selected/nyoken-5-17-youngdan_h29.mp4 "[0.0, 0.0, 1.0, 1.0]" "(0.463, 14.0)"
/bulk/data/twitchbw/nyoken/selected/nyoken-5-17-youngdan_h30.mp4 "[0.0, 0.0, 1.0, 1.0]" "(0.331, 6.447)" "(8.366, 10.0)"
/bulk/data/twitchbw/nyoken/selected/nyoken-5-17-youngdan_h31.mp4 "[0.0, 0.0, 1.0, 1.0]" "(6.013, 12.0)"
/bulk/data/twitchbw/nyoken/selected/nyoken-5-17-youngdan_h32.mp4 "[0.0, 0.0, 1.0, 1.0]" "(1.266, 13.833)" "(14.668, 16.885)" "(21.449, 27.468)"
/bulk/data/twitchbw/nyoken/selected/nyoken-5-17-youngdan_h33.mp4 "[0.0, 0.0, 1.0, 1.0]" "(1.031, 9.262)" "(12.863, 14.0)"
/bulk/data/twitchbw/nyoken/selected/nyoken-5-17-youngdan_h34.mp4 "[0.0, 0.0, 1.0, 1.0]" "(0.0, 7.201)"
/bulk/data/twitchbw/nyoken/selected/nyoken-5-18-youngdan_h0.mp4 "[0.0, 0.0, 1.0, 1.0]"
/bulk/data/twitchbw/nyoken/selected/nyoken-5-18-youngdan_h1.mp4 "[0.0, 0.0, 1.0, 1.0]" "(5.784, 7.284)"
/bulk/data/twitchbw/nyoken/selected/nyoken-5-18-youngdan_h2.mp4 "[0.0, 0.0, 1.0, 1.0]" "(5.580, 9.0)"
/bulk/data/twitchbw/nyoken/selected/nyoken-5-18-youngdan_h3.mp4 "[0.0, 0.0, 1.0, 1.0]"
/bulk/data/twitchbw/nyoken/selected/nyoken-5-18-youngdan_h4.mp4 "[0.0, 0.0, 1.0, 1.0]"
/bulk/data/twitchbw/nyoken/selected/nyoken-5-18-youngdan_h5.mp4 "[0.0, 0.0, 1.0, 1.0]"
/bulk/data/twitchbw/nyoken/selected/nyoken-5-18-youngdan_h6.mp4 "[0.0, 0.0, 1.0, 1.0]"
/bulk/data/twitchbw/nyoken/selected/nyoken-5-18-youngdan_h7.mp4 "[0.0, 0.0, 1.0, 1.0]"
/bulk/data/twitchbw/nyoken/selected/nyoken-5-18-youngdan_h8.mp4 "[0.0, 0.0, 1.0, 1.0]" "(0.864, 4.316)" "(4.996, 6.729)"
/bulk/data/twitchbw/nyoken/selected/nyoken-5-18-youngdan_h9.mp4 "[0.0, 0.0, 1.0, 1.0]" "(6.383, 7.715)" "(12.890, 14.0)"
/bulk/data/twitchbw/nyoken/selected/nyoken-5-18-youngdan_h10.mp4 "[0.0, 0.0, 1.0, 1.0]" "(0.0, 9.585)" "(14.029, 15.520)" "(17.148, 20.0)"
/bulk/data/twitchbw/nyoken/selected/nyoken-5-18-youngdan_h11.mp4 "[0.0, 0.0, 1.0, 1.0]" "(0.0, 1.499)"
/bulk/data/twitchbw/nyoken/selected/nyoken-5-18-youngdan_h12.mp4 "[0.0, 0.0, 1.0, 1.0]" "(0.633, 4.782)"
/bulk/data/twitchbw/nyoken/selected/nyoken-5-18-youngdan_h13.mp4 "[0.0, 0.0, 1.0, 1.0]" "(8.101, 15.370)"
/bulk/data/twitchbw/nyoken/selected/nyoken-5-18-youngdan_h14.mp4 "[0.0, 0.0, 1.0, 1.0]"
/bulk/data/twitchbw/nyoken/selected/nyoken-5-18-youngdan_h15.mp4 "[0.0, 0.0, 1.0, 1.0]" "(0.527, 8.562)"
/bulk/data/twitchbw/nyoken/selected/nyoken-5-18-youngdan_h16.mp4 "[0.0, 0.0, 1.0, 1.0]" "(0.548, 8.0)"
/bulk/data/twitchbw/nyoken/selected/nyoken-5-18-youngdan_h17.mp4 "[0.0, 0.0, 1.0, 1.0]" "(2.394, 4.817)"
/bulk/data/twitchbw/nyoken/selected/nyoken-5-18-youngdan_h18.mp4 "[0.0, 0.0, 1.0, 1.0]" "(0.0, 12.403)"
/bulk/data/twitchbw/nyoken/selected/nyoken-5-18-youngdan_h19.mp4 "[0.0, 0.0, 1.0, 1.0]"
/bulk/data/twitchbw/nyoken/selected/nyoken-5-18-youngdan_h20.mp4 "[0.0, 0.0, 1.0, 1.0]" "(0.0, 9.0)"
/bulk/data/twitchbw/nyoken/selected/nyoken-5-18-youngdan_h21.mp4 "[0.0, 0.0, 1.0, 1.0]" "(0.781, 12.968)"
/bulk/data/twitchbw/nyoken/selected/nyoken-5-18-youngdan_h22.mp4 "[0.0, 0.0, 1.0, 1.0]" "(2.980, 12.348)" "(17.967, 20.0)"
/bulk/data/twitchbw/nyoken/selected/nyoken-5-18-youngdan_h23.mp4 "[0.0, 0.0, 1.0, 1.0]" "(0.0, 9.940)" "(10.348, 12.082)" "(15.102, 19.153)"
/bulk/data/twitchbw/nyoken/selected/nyoken-5-18-youngdan_h24.mp4 "[0.0, 0.0, 1.0, 1.0]" "(0.0, 13.162)"
/bulk/data/twitchbw/nyoken/selected/nyoken-5-18-youngdan_h25.mp4 "[0.0, 0.0, 1.0, 1.0]" "(2.833, 5.897)"
/bulk/data/twitchbw/nyoken/selected/nyoken-5-18-youngdan_h26.mp4 "[0.0, 0.0, 1.0, 1.0]"
/bulk/data/twitchbw/nyoken/selected/nyoken-5-18-youngdan_h27.mp4 "[0.0, 0.0, 1.0, 1.0]" "(2.998, 5.685)"
/bulk/data/twitchbw/nyoken/selected/nyoken-5-18-youngdan_h28.mp4 "[0.0, 0.0, 1.0, 1.0]" "(0.0, 4.347)"
/bulk/data/twitchbw/nyoken/selected/nyoken-5-18-youngdan_h29.mp4 "[0.0, 0.0, 1.0, 1.0]"
/bulk/data/twitchbw/nyoken/selected/nyoken-5-18-youngdan_h30.mp4 "[0.0, 0.0, 1.0, 1.0]"
/bulk/data/twitchbw/nyoken/selected/nyoken-5-18-youngdan_h31.mp4 "[0.0, 0.0, 1.0, 1.0]" "(2.234, 3.049)"
/bulk/data/twitchbw/nyoken/selected/nyoken-5-18-youngdan_h32.mp4 "[0.0, 0.0, 1.0, 1.0]" "(0.0, 8.0)"
/bulk/data/twitchbw/nyoken/selected/nyoken-5-18-youngdan_h33.mp4 "[0.0, 0.0, 1.0, 1.0]" "(0.0, 6.678)"
/bulk/data/twitchbw/nyoken/selected/nyoken-5-18-youngdan_h34.mp4 "[0.0, 0.0, 1.0, 1.0]"
/bulk/data/twitchbw/nyoken/selected/nyoken-5-18-youngdan_h35.mp4 "[0.0, 0.0, 1.0, 1.0]"
/bulk/data/twitchbw/nyoken/selected/nyoken-5-18-youngdan_h36.mp4 "[0.0, 0.0, 1.0, 1.0]" "(1.820, 5.193)"
/bulk/data/twitchbw/terror/selected/7-1-earlystream_h0.mp4 "[0.0, 0.0, 1.0, 1.0]" "(0.0, 10.119)" "(10.669, 13.0)"
/bulk/data/twitchbw/terror/selected/7-1-earlystream_h1.mp4 "[0.0, 0.0, 1.0, 1.0]" "(4.678, 7.104)" "(13.047, 18.0)"
/bulk/data/twitchbw/terror/selected/7-1-earlystream_h2.mp4 "[0.0, 0.0, 1.0, 1.0]" "(0.0, 4.292)"
/bulk/data/twitchbw/terror/selected/7-1-earlystream_h3.mp4 "[0.0, 0.0, 1.0, 1.0]" "(7.131, 11.165)"
/bulk/data/twitchbw/terror/selected/7-1-newhaircut_h0.mp4 "[0.0, 0.0, 1.0, 1.0]"
/bulk/data/twitchbw/terror/selected/7-1-newhaircut_h1.mp4 "[0.0, 0.0, 1.0, 1.0]" "(2.084, 15.165)" "(18.234, 22.0)"
/bulk/data/twitchbw/terror/selected/7-1-newhaircut_h2.mp4 "[0.0, 0.0, 1.0, 1.0]" "(0.0, 12.713)" "(14.779, 17.0)"
/bulk/data/twitchbw/terror/selected/7-1-newhaircut_h3.mp4 "[0.0, 0.0, 1.0, 1.0]" "(0.0, 2.697)" "(3.767, 20.0)"
/bulk/data/twitchbw/terror/selected/7-1-newhaircut_h4.mp4 "[0.0, 0.0, 1.0, 1.0]" "(14.997, 16.933)" "(22.269, 26.965)"
/bulk/data/twitchbw/terror/selected/7-1-newhaircut_h5.mp4 "[0.0, 0.0, 1.0, 1.0]" "(1.116, 5.297)"
/bulk/data/twitchbw/terror/selected/7-1-newhaircut_h6.mp4 "[0.0, 0.0, 1.0, 1.0]"
/bulk/data/twitchbw/terror/selected/7-1-newhaircut_h7.mp4 "[0.0, 0.0, 1.0, 1.0]" "(3.048, 12.831)"
/bulk/data/twitchbw/terror/selected/7-2-southamericansuperfinal_h0.mp4 "[0.0, 0.0, 1.0, 1.0]" "(0.0, 4.167)" "(4.849, 9.829)"
/bulk/data/twitchbw/terror/selected/7-2-southamericansuperfinal_h1.mp4 "[0.0, 0.0, 1.0, 1.0]" "(0.0, 3.068)" "(4.474, 5.398)" "(6.279, 12.781)" "(14.532, 16.0)"
/bulk/data/twitchbw/terror/selected/7-2-southamericansuperfinal_h2.mp4 "[0.0, 0.0, 1.0, 1.0]" "(2.981, 15.017)" "(17.030, 19.0)"
/bulk/data/twitchbw/terror/selected/7-2-southamericansuperfinal_h3.mp4 "[0.0, 0.0, 1.0, 1.0]" "(0.0, 9.978)" "(11.282, 12.717)"
/bulk/data/twitchbw/terror/selected/7-2-southamericansuperfinal_h4.mp4 "[0.0, 0.0, 1.0, 1.0]" "(0.0, 20.0)"
/bulk/data/twitchbw/terror/selected/7-5-sundaystream_h0.mp4 "[0.0, 0.0, 1.0, 1.0]" "(3.465, 13.0)"
/bulk/data/twitchbw/terror/selected/7-5-sundaystream_h1.mp4 "[0.0, 0.0, 1.0, 1.0]" "(5.130, 13.449)"
/bulk/data/twitchbw/terror/selected/7-5-sundaystream_h2.mp4 "[0.0, 0.0, 1.0, 1.0]" "(0.0, 4.116)" "(5.582, 10.765)"
/bulk/data/twitchbw/terror/selected/7-5-sundaystream_h3.mp4 "[0.0, 0.0, 1.0, 1.0]" "(1.677, 13.433)" "(15.217, 16.083)"
/bulk/data/twitchbw/terror/selected/7-5-sundaystream_h4.mp4 "[0.0, 0.0, 1.0, 1.0]"
/bulk/data/twitchbw/terror/selected/7-5-sundaystream_h5.mp4 "[0.0, 0.0, 1.0, 1.0]"
/bulk/data/twitchbw/terror/selected/7-5-sundaystream_h6.mp4 "[0.0, 0.0, 1.0, 1.0]" "(3.130, 10.134)"
/bulk/data/twitchbw/terror/selected/7-5-sundaystream_h7.mp4 "[0.0, 0.0, 1.0, 1.0]" "(10.628, 11.750)" "(12.213, 18.065)" "(20.005, 20.678)" "(25.615, 27.918)" "(31.515, 36.078)"
/bulk/data/twitchbw/terror/selected/7-5-sundaystream_h8.mp4 "[0.0, 0.0, 1.0, 1.0]" "(0.0, 2.912)" "(5.881, 7.750)"
/bulk/data/twitchbw/terror/selected/7-5-sundaystream_h9.mp4 "[0.0, 0.0, 1.0, 1.0]" "(3.351, 9.843)" "(21.328, 24.0)"
/bulk/data/twitchbw/terror/selected/7-5-sundaystream_h10.mp4 "[0.0, 0.0, 1.0, 1.0]" "(1.715, 2.199)"
/bulk/data/twitchbw/terror/selected/7-5-sundaystream_h11.mp4 "[0.0, 0.0, 1.0, 1.0]" "(2.615, 7.551)" "(9.370, 14.081)"
/bulk/data/twitchbw/terror/selected/7-5-sundaystream_h12.mp4 "[0.0, 0.0, 1.0, 1.0]" "(0.0, 2.361)" "(5.199, 15.533)" "(16.483, 16.976)" "(18.553, 22.698)" "(26.066, 32.539)"
/bulk/data/twitchbw/terror/selected/7-5-sundaystream_h13.mp4 "[0.0, 0.0, 1.0, 1.0]"
/bulk/data/twitchbw/terror/selected/7-5-sundaystream_h14.mp4 "[0.0, 0.0, 1.0, 1.0]"
/bulk/data/twitchbw/terror/selected/7-5-sundaystream_h15.mp4 "[0.0, 0.0, 1.0, 1.0]"
/bulk/data/twitchbw/terror/selected/7-5-sundaystream_h16.mp4 "[0.0, 0.0, 1.0, 1.0]" "(0.0, 7.651)"
/bulk/data/twitchbw/terror/selected/7-5-sundaystream_h17.mp4 "[0.0, 0.0, 1.0, 1.0]" "(0.0, 9.919)"
/bulk/data/twitchbw/terror/selected/7-5-sundaystream_h18.mp4 "[0.0, 0.0, 1.0, 1.0]" "(0.0, 7.799)" "(8.397, 15.116)"
/bulk/data/twitchbw/terror/selected/7-5-sundaystream_h19.mp4 "[0.0, 0.0, 1.0, 1.0]" "(0.0, 3.619)" "(4.912, 15.579)"
/bulk/data/twitchbw/terror/selected/7-5-sundaystream_h20.mp4 "[0.0, 0.0, 1.0, 1.0]" "(1.334, 9.657)"
/bulk/data/twitchbw/terror/selected/7-5-sundaystream_h21.mp4 "[0.0, 0.0, 1.0, 1.0]" "(3.349, 19.141)"
/bulk/data/twitchbw/terror/selected/7-5-sundaystream_h22.mp4 "[0.0, 0.0, 1.0, 1.0]"
/bulk/data/twitchbw/terror/selected/7-5-sundaystream_h23.mp4 "[0.0, 0.0, 1.0, 1.0]" "(10.618, 21.415)"
/bulk/data/twitchbw/terror/selected/7-5-sundaystream_h24.mp4 "[0.0, 0.0, 1.0, 1.0]"
/bulk/data/twitchbw/terror/selected/7-5-sundaystream_h25.mp4 "[0.0, 0.0, 1.0, 1.0]"
/bulk/data/twitchbw/terror/selected/7-5-sundaystream_h26.mp4 "[0.0, 0.0, 1.0, 1.0]"
/bulk/data/twitchbw/terror/selected/7-5-sundaystream_h27.mp4 "[0.0, 0.0, 1.0, 1.0]" "(5.232, 19.421)"
/bulk/data/twitchbw/terror/selected/7-5-sundaystream_h28.mp4 "[0.0, 0.0, 1.0, 1.0]"
/bulk/data/twitchbw/terror/selected/7-5-sundaystream_h29.mp4 "[0.0, 0.0, 1.0, 1.0]"
/bulk/data/twitchbw/terror/selected/7-5-sundaystream_h30.mp4 "[0.0, 0.0, 1.0, 1.0]"
/bulk/data/twitchbw/terror/selected/7-5-sundaystream_h31.mp4 "[0.0, 0.0, 1.0, 1.0]" "(2.509, 5.437)"
/bulk/data/twitchbw/terror/selected/7-5-sundaystream_h32.mp4 "[0.0, 0.0, 1.0, 1.0]"
/bulk/data/twitchbw/terror/selected/7-6-sundaystream_h0.mp4 "[0.0, 0.0, 1.0, 1.0]" "(0.597, 4.479)" "(5.020, 12.153)"
/bulk/data/twitchbw/terror/selected/7-6-sundaystream_h1.mp4 "[0.0, 0.0, 1.0, 1.0]"
/bulk/data/twitchbw/terror/selected/7-6-sundaystream_h2.mp4 "[0.0, 0.0, 1.0, 1.0]"
/bulk/data/twitchbw/terror/selected/7-6-sundaystream_h3.mp4 "[0.0, 0.0, 1.0, 1.0]" "(0.459, 17.187)" "(30.713, 32.949)"
/bulk/data/twitchbw/terror/selected/7-6-sundaystream_h4.mp4 "[0.0, 0.0, 1.0, 1.0]" "(0.0, 4.457)"
/bulk/data/twitchbw/terror/selected/7-6-sundaystream_h5.mp4 "[0.0, 0.0, 1.0, 1.0]" "(0.892, 12.130)"
/bulk/data/twitchbw/terror/selected/7-6-sundaystream_h6.mp4 "[0.0, 0.0, 1.0, 1.0]"
/bulk/data/twitchbw/terror/selected/7-6-sundaystream_h7.mp4 "[0.0, 0.0, 1.0, 1.0]"
/bulk/data/twitchbw/terror/selected/7-6-sundaystream_h8.mp4 "[0.0, 0.0, 1.0, 1.0]" "(3.565, 10.903)"
/bulk/data/twitchbw/terror/selected/7-6-sundaystream_h9.mp4 "[0.0, 0.0, 1.0, 1.0]" "(0.0, 18.978)"
/bulk/data/twitchbw/terror/selected/7-6-sundaystream_h10.mp4 "[0.0, 0.0, 1.0, 1.0]" "(12.849, 17.0)"
/bulk/data/twitchbw/terror/selected/7-6-sundaystream_h11.mp4 "[0.0, 0.0, 1.0, 1.0]" "(5.421, 9.718)"
/bulk/data/twitchbw/terror/selected/7-6-sundaystream_h12.mp4 "[0.0, 0.0, 1.0, 1.0]"
/bulk/data/twitchbw/terror/selected/7-6-sundaystream_h13.mp4 "[0.0, 0.0, 1.0, 1.0]" "(0.527, 15.939)"
/bulk/data/twitchbw/terror/selected/7-6-sundaystream_h14.mp4 "[0.0, 0.0, 1.0, 1.0]" "(16.241, 22.131)"
/bulk/data/twitchbw/terror/selected/7-6-sundaystream_h15.mp4 "[0.0, 0.0, 1.0, 1.0]"
/bulk/data/twitchbw/terror/selected/7-6-sundaystream_h16.mp4 "[0.0, 0.0, 1.0, 1.0]"
/bulk/data/twitchbw/terror/selected/7-6-sundaystream_h17.mp4 "[0.0, 0.0, 1.0, 1.0]"
/bulk/data/twitchbw/terror/selected/7-6-sundaystream_h18.mp4 "[0.0, 0.0, 1.0, 1.0]"
/bulk/data/twitchbw/terror/selected/7-6-sundaystream_h19.mp4 "[0.0, 0.0, 1.0, 1.0]" "(0.0, 2.861)" "(4.329, 5.995)"
/bulk/data/twitchbw/terror/selected/7-6-sundaystream_h20.mp4 "[0.0, 0.0, 1.0, 1.0]" "(19.058, 21.228)" "(23.903, 26.610)"
/bulk/data/twitchbw/terror/selected/7-6-sundaystream_h21.mp4 "[0.0, 0.0, 1.0, 1.0]" "(0.0, 9.481)"
/bulk/data/twitchbw/terror/selected/7-6-sundaystream_h22.mp4 "[0.0, 0.0, 1.0, 1.0]" "(1.966, 18.057)"
/bulk/data/twitchbw/terror/selected/7-6-sundaystream_h23.mp4 "[0.0, 0.0, 1.0, 1.0]" "(2.880, 14.450)" "(16.869, 23.340)"
/bulk/data/twitchbw/terror/selected/7-6-sundaystream_h24.mp4 "[0.0, 0.0, 1.0, 1.0]" "(2.163, 13.598)" "(16.966, 17.966)"
/bulk/data/twitchbw/terror/selected/7-6-sundaystream_h25.mp4 "[0.0, 0.0, 1.0, 1.0]" "(0.480, 26.136)"
/bulk/data/twitchbw/gypsy/selected/iter4_naterranbetter_h0.mp4 "[0.0, 0.0, 1.0, 1.0]" "(0.997, 10.035)"
/bulk/data/twitchbw/gypsy/selected/iter4_naterranbetter_h1.mp4 "[0.0, 0.0, 1.0, 1.0]" "(0.0, 14.114)"
/bulk/data/twitchbw/gypsy/selected/iter4_naterranbetter_h2.mp4 "[0.0, 0.0, 1.0, 1.0]" "(0.0, 14.436)"
/bulk/data/twitchbw/gypsy/selected/iter4_naterranbetter_h3.mp4 "[0.0, 0.0, 1.0, 1.0]"
/bulk/data/twitchbw/gypsy/selected/iter4_naterrandeep_h0.mp4 "[0.0, 0.0, 1.0, 1.0]" "(0.0, 16.064)"
/bulk/data/twitchbw/gypsy/selected/iter4_naterrandeep_h1.mp4 "[0.0, 0.0, 1.0, 1.0]" "(1.298, 13.0)"
/bulk/data/twitchbw/gypsy/selected/iter4_naterrandeep_h2.mp4 "[0.0, 0.0, 1.0, 1.0]" "(0.0, 14.0)"
/bulk/data/twitchbw/gypsy/selected/iter4_naterranladder_h0.mp4 "[0.0, 0.0, 1.0, 1.0]" "(5.432, 15.686)"
/bulk/data/twitchbw/gypsy/selected/iter4_naterranladder_h1.mp4 "[0.0, 0.0, 1.0, 1.0]" "(0.0, 16.580)"
/bulk/data/twitchbw/gypsy/selected/iter4_naterrannewweek_h0.mp4 "[0.0, 0.0, 1.0, 1.0]" "(0.0, 18.714)"
/bulk/data/twitchbw/gypsy/selected/iter4_naterrannewweek_h1.mp4 "[0.0, 0.0, 1.0, 1.0]" "(0.930, 9.265)"
/bulk/data/twitchbw/gypsy/selected/iter4_naterrannewweek_h2.mp4 "[0.0, 0.0, 1.0, 1.0]" "(1.566, 10.066)"
/bulk/data/twitchbw/gypsy/selected/iter4_naterrannewweek_h3.mp4 "[0.0, 0.0, 1.0, 1.0]" "(5.347, 14.597)"
/bulk/data/twitchbw/gypsy/selected/iter4_naterrannewweek_h4.mp4 "[0.0, 0.0, 1.0, 1.0]" "(10.250, 12.767)"
/bulk/data/twitchbw/gypsy/selected/iter4_naterrannewweek_h5.mp4 "[0.0, 0.0, 1.0, 1.0]" "(0.565, 1.215)" "(2.281, 11.463)"
/bulk/data/twitchbw/gypsy/selected/iter4_naterrannewweek_h6.mp4 "[0.0, 0.0, 1.0, 1.0]" "(0.0, 11.679)"
/bulk/data/twitchbw/gypsy/selected/iter4_naterrannewweek_h7.mp4 "[0.0, 0.0, 1.0, 1.0]" "(1.271, 6.653)"
/bulk/data/twitchbw/gypsy/selected/iter4_naterrannewweek_h8.mp4 "[0.0, 0.0, 1.0, 1.0]" "(0.597, 10.998)"
/bulk/data/twitchbw/gypsy/selected/iter4_naterrannewweek_h9.mp4 "[0.0, 0.0, 1.0, 1.0]" "(2.064, 11.235)"
/bulk/data/twitchbw/gypsy/selected/iter4_naterrannewweek_h10.mp4 "[0.0, 0.0, 1.0, 1.0]" "(1.282, 10.882)"
/bulk/data/twitchbw/gypsy/selected/iter4_naterrannewweek_h11.mp4 "[0.0, 0.0, 1.0, 1.0]" "(0.828, 11.352)" "(12.575, 15.0)"
/bulk/data/twitchbw/gypsy/selected/iter4_naterrannewweek_h12.mp4 "[0.0, 0.0, 1.0, 1.0]" "(2.212, 14.133)" "(16.419, 23.013)"
/bulk/data/twitchbw/gypsy/selected/iter4_naterrannewweek_h13.mp4 "[0.0, 0.0, 1.0, 1.0]"
/bulk/data/twitchbw/gypsy/selected/iter5_naterranladder1_h0.mp4 "[0.0, 0.0, 1.0, 1.0]" "(0.982, 11.352)"
/bulk/data/twitchbw/gypsy/selected/iter5_naterranladder1_h1.mp4 "[0.0, 0.0, 1.0, 1.0]" "(2.080, 11.652)"
/bulk/data/twitchbw/gypsy/selected/iter5_naterranladder1_h2.mp4 "[0.0, 0.0, 1.0, 1.0]" "(0.465, 18.196)"
/bulk/data/twitchbw/gypsy/selected/iter5_naterranladder2_h0.mp4 "[0.0, 0.0, 1.0, 1.0]" "(1.870, 5.975)"
/bulk/data/twitchbw/gypsy/selected/iter5_naterranladder2_h1.mp4 "[0.0, 0.0, 1.0, 1.0]" "(2.944, 12.018)"
/bulk/data/twitchbw/gypsy/selected/iter5_naterranladder2_h2.mp4 "[0.0, 0.0, 1.0, 1.0]" "(0.0, 14.0)"
/bulk/data/twitchbw/gypsy/selected/iter5_naterranladder2_h3.mp4 "[0.0, 0.0, 1.0, 1.0]" "(1.719, 9.950)"
/bulk/data/twitchbw/gypsy/selected/iter5_naterranladder2_h4.mp4 "[0.0, 0.0, 1.0, 1.0]" "(1.481, 13.528)"
/bulk/data/twitchbw/gypsy/selected/iter5_naterranladder2_h5.mp4 "[0.0, 0.0, 1.0, 1.0]" "(0.831, 9.879)"
/bulk/data/twitchbw/gypsy/selected/iter5_naterranladder3_h0.mp4 "[0.0, 0.0, 1.0, 1.0]" "(2.767, 9.919)"
/bulk/data/twitchbw/gypsy/selected/iter5_naterranladder4_h0.mp4 "[0.0, 0.0, 1.0, 1.0]" "(0.0, 13.661)" "(15.064, 19.662)" "(21.426, 24.881)" "(25.987, 30.886)"
/bulk/data/twitchbw/gypsy/selected/iter5_naterranladder4_h1.mp4 "[0.0, 0.0, 1.0, 1.0]" "(2.120, 10.711)" "(12.252, 14.0)"
/bulk/data/twitchbw/gypsy/selected/iter5_naterranladder4_h2.mp4 "[0.0, 0.0, 1.0, 1.0]" "(0.968, 12.160)"
/bulk/data/twitchbw/gypsy/selected/iter5_naterranladder4_h3.mp4 "[0.0, 0.0, 1.0, 1.0]" "(0.384, 5.609)" "(6.831, 8.445)"
/bulk/data/twitchbw/gypsy/selected/iter5_naterranladder4_h4.mp4 "[0.0, 0.0, 1.0, 1.0]" "(0.0, 3.367)" "(3.752, 9.275)"
/bulk/data/twitchbw/gypsy/selected/iter5_naterranladder4_h5.mp4 "[0.0, 0.0, 1.0, 1.0]"
/bulk/data/twitchbw/gypsy/selected/iter5_naterranladder4_h6.mp4 "[0.0, 0.0, 1.0, 1.0]" "(0.496, 14.247)"
/bulk/data/twitchbw/gypsy/selected/iter5_naterranladder4_h7.mp4 "[0.0, 0.0, 1.0, 1.0]" "(0.0, 20.0)"
/bulk/data/twitchbw/gypsy/selected/iter5_naterranladder4_h8.mp4 "[0.0, 0.0, 1.0, 1.0]" "(0.0, 5.416)" "(7.386, 13.364)"
/bulk/data/twitchbw/gypsy/selected/iter5_naterranladder4_h9.mp4 "[0.0, 0.0, 1.0, 1.0]" "(0.553, 13.0)"
/bulk/data/twitchbw/gypsy/selected/iter5_naterranladder4_h10.mp4 "[0.0, 0.0, 1.0, 1.0]" "(0.741, 1.933)" "(7.636, 11.672)"
/bulk/data/twitchbw/gypsy/selected/iter5_naterranladder4_h11.mp4 "[0.0, 0.0, 1.0, 1.0]"
/bulk/data/twitchbw/gypsy/selected/iter5_naterranladder4_h12.mp4 "[0.0, 0.0, 1.0, 1.0]" "(7.594, 11.631)"
/bulk/data/twitchbw/gypsy/selected/iter5_naterranladderdiscordreplay_h0.mp4 "[0.0, 0.0, 1.0, 1.0]" "(0.651, 7.044)"
/bulk/data/twitchbw/nyoken/selected/nyoken-5-25-gypsystreammf_h0.mp4 "[0.0, 0.0, 1.0, 1.0]" "(0.465, 7.760)" "(9.081, 13.0)"
/bulk/data/twitchbw/nyoken/selected/nyoken-5-25-gypsystreammf_h1.mp4 "[0.0, 0.0, 1.0, 1.0]" "(7.317, 20.0)"
/bulk/data/twitchbw/nyoken/selected/nyoken-5-25-gypsystreammf_h2.mp4 "[0.0, 0.0, 1.0, 1.0]" "(0.0, 10.453)"
/bulk/data/twitchbw/nyoken/selected/nyoken-5-25-gypsystreammf_h3.mp4 "[0.0, 0.0, 1.0, 1.0]" "(4.001, 6.251)"
/bulk/data/twitchbw/nyoken/selected/nyoken-5-25-gypsystreammf_h4.mp4 "[0.0, 0.0, 1.0, 1.0]" "(1.316, 11.565)"
/bulk/data/twitchbw/nyoken/selected/nyoken-5-25-gypsystreammf_h5.mp4 "[0.0, 0.0, 1.0, 1.0]"
/bulk/data/twitchbw/nyoken/selected/nyoken-5-25-gypsystreammf_h6.mp4 "[0.0, 0.0, 1.0, 1.0]"
/bulk/data/twitchbw/nyoken/selected/nyoken-5-25-gypsystreammf_h7.mp4 "[0.0, 0.0, 1.0, 1.0]"
/bulk/data/twitchbw/nyoken/selected/nyoken-5-25-gypsystreammf_h8.mp4 "[0.0, 0.0, 1.0, 1.0]"
/bulk/data/twitchbw/nyoken/selected/nyoken-5-25-gypsystreammf_h9.mp4 "[0.0, 0.0, 1.0, 1.0]" "(14.035, 18.902)" "(20.047, 21.261)"
/bulk/data/twitchbw/nyoken/selected/nyoken-5-25-gypsystreammf_h10.mp4 "[0.0, 0.0, 1.0, 1.0]"
/bulk/data/twitchbw/nyoken/selected/nyoken-5-25-gypsystreammf_h11.mp4 "[0.0, 0.0, 1.0, 1.0]" "(0.0, 3.601)"
/bulk/data/twitchbw/nyoken/selected/nyoken-5-25-gypsystreammf_h12.mp4 "[0.0, 0.0, 1.0, 1.0]"
/bulk/data/twitchbw/nyoken/selected/nyoken-5-25-gypsystreammf_h13.mp4 "[0.0, 0.0, 1.0, 1.0]" "(0.164, 1.900)"
/bulk/data/twitchbw/nyoken/selected/nyoken-5-25-gypsystreammf_h14.mp4 "[0.0, 0.0, 1.0, 1.0]" "(4.950, 14.513)"
/bulk/data/twitchbw/nyoken/selected/nyoken-5-25-gypsystreammf_h15.mp4 "[0.0, 0.0, 1.0, 1.0]" "(7.984, 14.101)"
/bulk/data/twitchbw/nyoken/selected/nyoken-5-25-gypsystreammf_h16.mp4 "[0.0, 0.0, 1.0, 1.0]" "(1.233, 8.685)"
/bulk/data/twitchbw/nyoken/selected/nyoken-5-25-gypsystreammf_h17.mp4 "[0.0, 0.0, 1.0, 1.0]" "(0.0, 3.638)"
/bulk/data/twitchbw/nyoken/selected/nyoken-5-25-gypsystreammf_h18.mp4 "[0.0, 0.0, 1.0, 1.0]" "(3.700, 6.503)"
/bulk/data/twitchbw/nyoken/selected/nyoken-5-25-gypsystreammf_h19.mp4 "[0.0, 0.0, 1.0, 1.0]" "(0.0, 8.419)"
/bulk/data/twitchbw/nyoken/selected/nyoken-5-25-gypsystreammf_h20.mp4 "[0.0, 0.0, 1.0, 1.0]" "(0.0, 1.750)" "(3.469, 5.214)" "(6.679, 11.131)"
/bulk/data/twitchbw/nyoken/selected/nyoken-5-25-gypsystreammf_h21.mp4 "[0.0, 0.0, 1.0, 1.0]" "(5.152, 9.800)"
/bulk/data/twitchbw/nyoken/selected/nyoken-5-25-gypsystreammf_h22.mp4 "[0.0, 0.0, 1.0, 1.0]" "(4.430, 11.067)"
/bulk/data/twitchbw/nyoken/selected/nyoken-5-25-gypsystreammf_h23.mp4 "[0.0, 0.0, 1.0, 1.0]" "(0.862, 6.125)"
/bulk/data/twitchbw/nyoken/selected/nyoken-5-25-gypsystreammf_h24.mp4 "[0.0, 0.0, 1.0, 1.0]" "(5.630, 19.286)"
/bulk/data/twitchbw/nyoken/selected/nyoken-6-2-newmapsnewseason_h0.mp4 "[0.0, 0.0, 1.0, 1.0]" "(4.252, 8.195)"
/bulk/data/twitchbw/nyoken/selected/nyoken-6-2-newmapsnewseason_h1.mp4 "[0.0, 0.0, 1.0, 1.0]" "(7.218, 8.932)" "(10.119, 10.236)"
/bulk/data/twitchbw/nyoken/selected/nyoken-6-2-newmapsnewseason_h2.mp4 "[0.0, 0.0, 1.0, 1.0]" "(0.0, 3.303)"
/bulk/data/twitchbw/nyoken/selected/nyoken-6-2-newmapsnewseason_h3.mp4 "[0.0, 0.0, 1.0, 1.0]" "(4.884, 13.277)"
/bulk/data/twitchbw/nyoken/selected/nyoken-6-2-newmapsnewseason_h4.mp4 "[0.0, 0.0, 1.0, 1.0]" "(0.0, 10.519)"
/bulk/data/twitchbw/nyoken/selected/nyoken-6-2-newmapsnewseason_h5.mp4 "[0.0, 0.0, 1.0, 1.0]" "(3.501, 12.299)"
/bulk/data/twitchbw/nyoken/selected/nyoken-6-2-newmapsnewseason_h6.mp4 "[0.0, 0.0, 1.0, 1.0]" "(0.0, 12.733)" "(15.035, 17.0)"
/bulk/data/twitchbw/nyoken/selected/nyoken-6-2-newmapsnewseason_h7.mp4 "[0.0, 0.0, 1.0, 1.0]" "(0.196, 3.112)" "(5.163, 14.265)"
/bulk/data/twitchbw/nyoken/selected/nyoken-6-2-newmapsnewseason_h8.mp4 "[0.0, 0.0, 1.0, 1.0]" "(0.0, 0.632)" "(1.468, 13.024)"
/bulk/data/twitchbw/nyoken/selected/nyoken-6-2-newmapsnewseason_h9.mp4 "[0.0, 0.0, 1.0, 1.0]" "(1.896, 11.786)" "(14.212, 21.168)" "(24.512, 28.024)"
/bulk/data/twitchbw/nyoken/selected/nyoken-6-2-newmapsnewseason_h10.mp4 "[0.0, 0.0, 1.0, 1.0]" "(1.865, 5.882)"
/bulk/data/twitchbw/nyoken/selected/nyoken-6-2-newmapsnewseason_h11.mp4 "[0.0, 0.0, 1.0, 1.0]" "(0.0, 5.178)"
/bulk/data/twitchbw/nyoken/selected/nyoken-6-2-newmapsnewseason_h12.mp4 "[0.0, 0.0, 1.0, 1.0]" "(2.215, 10.113)"
/bulk/data/twitchbw/nyoken/selected/nyoken-6-2-newmapsnewseason_h13.mp4 "[0.0, 0.0, 1.0, 1.0]" "(0.930, 8.701)"
/bulk/data/twitchbw/nyoken/selected/nyoken-6-2-newmapsnewseason_h14.mp4 "[0.0, 0.0, 1.0, 1.0]" "(0.196, 10.535)" "(10.866, 13.0)"
/bulk/data/twitchbw/nyoken/selected/nyoken-6-2-newmapsnewseason_h15.mp4 "[0.0, 0.0, 1.0, 1.0]" "(0.0, 13.983)" "(16.814, 23.071)" "(25.629, 27.398)" "(33.151, 35.0)"
/bulk/data/twitchbw/nyoken/selected/nyoken-6-3-newmapsnewseason_h0.mp4 "[0.0, 0.0, 1.0, 1.0]" "(1.895, 10.728)"
/bulk/data/twitchbw/nyoken/selected/nyoken-6-3-newmapsnewseason_h1.mp4 "[0.0, 0.0, 1.0, 1.0]" "(0.0, 5.067)"
/bulk/data/twitchbw/nyoken/selected/nyoken-6-3-newmapsnewseason_h2.mp4 "[0.0, 0.0, 1.0, 1.0]" "(2.131, 8.818)"
/bulk/data/twitchbw/nyoken/selected/nyoken-6-3-newmapsnewseason_h3.mp4 "[0.0, 0.0, 1.0, 1.0]" "(2.712, 6.818)" "(7.432, 15.0000)" "(16.847, 19.0)"
/bulk/data/twitchbw/nyoken/selected/nyoken-6-3-newmapsnewseason_h4.mp4 "[0.0, 0.0, 1.0, 1.0]"
/bulk/data/twitchbw/nyoken/selected/nyoken-6-3-newmapsnewseason_h5.mp4 "[0.0, 0.0, 1.0, 1.0]" "(9.981, 14.215)"
/bulk/data/twitchbw/nyoken/selected/nyoken-6-3-newmapsnewseason_h6.mp4 "[0.0, 0.0, 1.0, 1.0]"
/bulk/data/twitchbw/nyoken/selected/nyoken-6-3-newmapsnewseason_h7.mp4 "[0.0, 0.0, 1.0, 1.0]" "(0.0, 3.885)" "(4.566, 23.180)" "(24.747, 27.035)" "(29.779, 31.900)"
/bulk/data/twitchbw/nyoken/selected/nyoken-6-3-newmapsnewseason_h8.mp4 "[0.0, 0.0, 1.0, 1.0]" "(0.0, 15.184)"
/bulk/data/twitchbw/nyoken/selected/nyoken-6-5-newmapsnewseason_h0.mp4 "[0.0, 0.0, 1.0, 1.0]" "(3.797, 15.786)"
/bulk/data/twitchbw/nyoken/selected/nyoken-6-5-newmapsnewseason_h1.mp4 "[0.0, 0.0, 1.0, 1.0]" "(2.514, 9.001)"
/bulk/data/twitchbw/nyoken/selected/nyoken-6-5-newmapsnewseason_h2.mp4 "[0.0, 0.0, 1.0, 1.0]" "(0.685, 7.992)" "(10.331, 18.847)"
/bulk/data/twitchbw/nyoken/selected/nyoken-6-6-newmapsnewseason_h0.mp4 "[0.0, 0.0, 1.0, 1.0]" "(0.0, 2.138)" "(2.896, 4.101)" "(5.333, 19.652)"
/bulk/data/twitchbw/nyoken/selected/nyoken-6-6-newmapsnewseason_h1.mp4 "[0.0, 0.0, 1.0, 1.0]" "(5.214, 17.976)"
/bulk/data/twitchbw/nyoken/selected/nyoken-6-8-newmapsnewseason_h0.mp4 "[0.0, 0.0, 1.0, 1.0]" "(0.0, 13.049)"
/bulk/data/twitchbw/nyoken/selected/nyoken-6-8-newmapsnewseason_h1.mp4 "[0.0, 0.0, 1.0, 1.0]" "(2.380, 22.664)"
/bulk/data/twitchbw/nyoken/selected/nyoken-6-8-newmapsnewseason_h2.mp4 "[0.0, 0.0, 1.0, 1.0]" "(4.929, 21.469)"
/bulk/data/twitchbw/nyoken/selected/nyoken-6-8-newmapsnewseason_h3.mp4 "[0.0, 0.0, 1.0, 1.0]"
/bulk/data/twitchbw/nyoken/selected/nyoken-6-8-newmapsnewseason_h4.mp4 "[0.0, 0.0, 1.0, 1.0]"
/bulk/data/twitchbw/nyoken/selected/nyoken-6-8-newmapsnewseason_h5.mp4 "[0.0, 0.0, 1.0, 1.0]"
/bulk/data/twitchbw/nyoken/selected/nyoken-6-8-newmapsnewseason_h6.mp4 "[0.0, 0.0, 1.0, 1.0]" "(8.961, 9.742)"
/bulk/data/twitchbw/nyoken/selected/nyoken-6-8-newmapsnewseason_h7.mp4 "[0.0, 0.0, 1.0, 1.0]" "(0.585, 10.729)"
/bulk/data/twitchbw/nyoken/selected/nyoken-6-8-newmapsnewseason_h8.mp4 "[0.0, 0.0, 1.0, 1.0]" "(0.0, 17.415)"
/bulk/data/twitchbw/nyoken/selected/nyoken-6-8-newmapsnewseason_h9.mp4 "[0.0, 0.0, 1.0, 1.0]" "(0.0, 9.911)"
/bulk/data/twitchbw/nyoken/selected/nyoken-6-8-newmapsnewseason_h10.mp4 "[0.0, 0.0, 1.0, 1.0]" "(5.486, 14.281)"
/bulk/data/twitchbw/nyoken/selected/nyoken-6-8-newmapsnewseason_h11.mp4 "[0.0, 0.0, 1.0, 1.0]" "(15.782, 17.698)"
/bulk/data/twitchbw/nyoken/selected/nyoken-6-8-newmapsnewseason_h12.mp4 "[0.0, 0.0, 1.0, 1.0]" "(0.0, 7.089)"
/bulk/data/twitchbw/nyoken/selected/nyoken-6-8-newmapsnewseason_h13.mp4 "[0.0, 0.0, 1.0, 1.0]" "(0.0, 6.416)" "(9.929, 19.333)" "(21.302, 25.263)"
/bulk/data/twitchbw/nyoken/selected/nyoken-6-8-newmapsnewseason_h14.mp4 "[0.0, 0.0, 1.0, 1.0]" "(0.0, 3.714)" "(4.649, 6.346)" "(7.049, 10.301)" "(11.449, 13.766)" "(15.564, 17.0)"
/bulk/data/twitchbw/nyoken/selected/nyoken-6-8-newmapsnewseason_h15.mp4 "[0.0, 0.0, 1.0, 1.0]" "(0.0, 2.997)" "(3.132, 16.278)"
/bulk/data/twitchbw/terror/selected/7-12-sundayearlystream_h0.mp4 "[0.0, 0.0, 1.0, 1.0]" "(0.382, 8.699)" "(9.348, 11.018)" "(12.214, 13.821)" "(15.089, 16.246)" "(16.912, 18.852)"
/bulk/data/twitchbw/terror/selected/7-12-sundayearlystream_h1.mp4 "[0.0, 0.0, 1.0, 1.0]" "(0.201, 12.805)" "(16.215, 19.764)"
/bulk/data/twitchbw/terror/selected/7-12-sundayearlystream_h2.mp4 "[0.0, 0.0, 1.0, 1.0]" "(4.695, 19.147)"
/bulk/data/twitchbw/terror/selected/7-12-sundayearlystream_h3.mp4 "[0.0, 0.0, 1.0, 1.0]"
/bulk/data/twitchbw/terror/selected/7-12-sundayearlystream_h4.mp4 "[0.0, 0.0, 1.0, 1.0]" "(1.451, 4.149)" "(10.522, 19.295)"
/bulk/data/twitchbw/terror/selected/7-12-sundayearlystream_h5.mp4 "[0.0, 0.0, 1.0, 1.0]" "(0.515, 15.801)"
/bulk/data/twitchbw/terror/selected/7-12-sundayearlystream_h6.mp4 "[0.0, 0.0, 1.0, 1.0]" "(2.351, 15.083)" "(17.802, 22.216)" "(26.761, 28.0)"
/bulk/data/twitchbw/terror/selected/7-12-sundayearlystream_h7.mp4 "[0.0, 0.0, 1.0, 1.0]" "(0.0, 4.132)" "(5.065, 8.015)" "(8.967, 13.283)"
/bulk/data/twitchbw/terror/selected/7-13-mondaystream_h0.mp4 "[0.0, 0.0, 1.0, 1.0]"
/bulk/data/twitchbw/terror/selected/7-13-mondaystream_h1.mp4 "[0.0, 0.0, 1.0, 1.0]" "(1.100, 21.363)" "(23.368, 25.0)"
/bulk/data/twitchbw/terror/selected/7-13-mondaystream_h2.mp4 "[0.0, 0.0, 1.0, 1.0]" "(0.0, 1.982)" "(9.645, 18.178)" "(19.664, 23.0)"
/bulk/data/twitchbw/terror/selected/7-13-mondaystream_h3.mp4 "[0.0, 0.0, 1.0, 1.0]" "(9.798, 19.268)" "(20.552, 24.0)"
/bulk/data/twitchbw/terror/selected/7-13-mondaystream_h4.mp4 "[0.0, 0.0, 1.0, 1.0]" "(5.136, 8.636)" "(9.669, 14.430)" "(16.515, 20.399)" "(21.283, 29.202)" "(31.432, 36.448)" "(41.715, 43.0)"
/bulk/data/twitchbw/terror/selected/7-13-mondaystream_h5.mp4 "[0.0, 0.0, 1.0, 1.0]" "(3.816, 5.014)" "(5.502, 13.255)"
/bulk/data/twitchbw/terror/selected/7-13-mondaystream_h6.mp4 "[0.0, 0.0, 1.0, 1.0]" "(6.485, 23.467)" "(25.748, 26.603)"
/bulk/data/twitchbw/terror/selected/7-13-mondaystream_h7.mp4 "[0.0, 0.0, 1.0, 1.0]" "(0.0, 6.914)" "(7.532, 14.250)"
/bulk/data/twitchbw/terror/selected/7-13-mondaystream_h8.mp4 "[0.0, 0.0, 1.0, 1.0]" "(0.0, 8.921)" "(9.345, 21.100)"
/bulk/data/twitchbw/terror/selected/7-13-mondaystream_h9.mp4 "[0.0, 0.0, 1.0, 1.0]" "(0.0, 26.780)"
/bulk/data/twitchbw/terror/selected/7-13-mondaystream_h10.mp4 "[0.0, 0.0, 1.0, 1.0]" "(2.798, 4.496)" "(6.196, 12.713)"
/bulk/data/twitchbw/terror/selected/7-13-mondaystream_h11.mp4 "[0.0, 0.0, 1.0, 1.0]"
/bulk/data/twitchbw/terror/selected/7-13-mondaystream_h12.mp4 "[0.0, 0.0, 1.0, 1.0]" "(4.482, 11.052)" "(11.382, 12.317)" "(12.666, 25.162)" "(26.584, 37.903)"
/bulk/data/twitchbw/terror/selected/7-13-mondaystream_h13.mp4 "[0.0, 0.0, 1.0, 1.0]"
/bulk/data/twitchbw/terror/selected/7-13-mondaystream_h14.mp4 "[0.0, 0.0, 1.0, 1.0]" "(10.791, 14.214)"
/bulk/data/twitchbw/terror/selected/7-13-mondaystream_h15.mp4 "[0.0, 0.0, 1.0, 1.0]" "(1.878, 7.333)" "(9.945, 24.732)"
/bulk/data/twitchbw/terror/selected/7-13-mondaystream_h16.mp4 "[0.0, 0.0, 1.0, 1.0]" "(4.097, 12.964)" "(16.519, 39.037)"
/bulk/data/twitchbw/terror/selected/7-13-mondaystream_h17.mp4 "[0.0, 0.0, 1.0, 1.0]" "(5.898, 15.147)" "(15.964, 21.881)"
/bulk/data/twitchbw/terror/selected/7-14-terrorvsnas_h0.mp4 "[0.0, 0.0, 1.0, 1.0]" "(2.585, 18.900)"
/bulk/data/twitchbw/terror/selected/7-14-terrorvsnas_h1.mp4 "[0.0, 0.0, 1.0, 1.0]" "(3.652, 9.447)" "(10.832, 18.292)"
/bulk/data/twitchbw/terror/selected/7-14-terrorvsnas_h2.mp4 "[0.0, 0.0, 1.0, 1.0]"
/bulk/data/twitchbw/terror/selected/7-14-terrorvsnas_h3.mp4 "[0.0, 0.0, 1.0, 1.0]" "(0.0, 9.626)" "(11.782, 15.232)" "(16.281, 22.899)"
/bulk/data/twitchbw/terror/selected/7-14-terrorvsnas_h4.mp4 "[0.0, 0.0, 1.0, 1.0]"
/bulk/data/twitchbw/terror/selected/7-14-terrorvsnas_h5.mp4 "[0.0, 0.0, 1.0, 1.0]" "(3.994, 19.682)"
/bulk/data/twitchbw/terror/selected/7-14-terrorvsnas_h6.mp4 "[0.0, 0.0, 1.0, 1.0]"
/bulk/data/twitchbw/terror/selected/7-14-terrorvsnas_h7.mp4 "[0.0, 0.0, 1.0, 1.0]" "(8.062, 21.444)"
/bulk/data/twitchbw/terror/selected/7-14-terrorvsnas_h8.mp4 "[0.0, 0.0, 1.0, 1.0]" "(3.845, 7.644)" "(8.397, 18.782)"
/bulk/data/twitchbw/terror/selected/7-14-terrorvsnas_h9.mp4 "[0.0, 0.0, 1.0, 1.0]"
/bulk/data/twitchbw/terror/selected/7-14-terrorvsnas_h10.mp4 "[0.0, 0.0, 1.0, 1.0]" "(3.449, 3.697)" "(4.513, 11.598)"
/bulk/data/twitchbw/terror/selected/7-15-wednesdaystream_h0.mp4 "[0.0, 0.0, 1.0, 1.0]" "(0.217, 3.818)" "(9.165, 23.479)"
/bulk/data/twitchbw/terror/selected/7-15-wednesdaystream_h1.mp4 "[0.0, 0.0, 1.0, 1.0]" "(5.413, 24.632)" "(30.516, 35.847)"
/bulk/data/twitchbw/terror/selected/7-15-wednesdaystream_h2.mp4 "[0.0, 0.0, 1.0, 1.0]" "(0.0, 6.113)" "(7.829, 10.300)" "(13.014, 14.064)" "(15.477, 22.0)"
/bulk/data/twitchbw/terror/selected/7-15-wednesdaystream_h3.mp4 "[0.0, 0.0, 1.0, 1.0]" "(7.882, 20.601)"
/bulk/data/twitchbw/terror/selected/7-15-wednesdaystream_h4.mp4 "[0.0, 0.0, 1.0, 1.0]"
/bulk/data/twitchbw/terror/selected/7-15-wednesdaystream_h5.mp4 "[0.0, 0.0, 1.0, 1.0]"
/bulk/data/twitchbw/terror/selected/7-15-wednesdaystream_h6.mp4 "[0.0, 0.0, 1.0, 1.0]" "(0.0, 4.458)" "(6.866, 10.832)" "(12.080, 28.436)" "(33.133, 34.399)" "(35.187, 41.066)"
/bulk/data/twitchbw/terror/selected/7-15-wednesdaystream_h7.mp4 "[0.0, 0.0, 1.0, 1.0]" "(0.0, 2.331)" "(4.329, 23.368)" "(24.198, 25.299)" "(25.868, 26.409)" "(26.981, 31.868)" "(34.370, 59.746)" "(63.134, 64.415)" "(65.947, 93.565)"
